period_end,net_sales,cost_of_sales,gross_profit,operating_income,financial_expenses,financial_income,net_income,cash,inventories,current_assets,total_assets,current_liabilities,equity,financial_debt_approx,gross_margin,operating_margin,net_margin,cost_of_sales_to_sales,financial_expense_to_sales,financial_expense_to_gross_profit,current_ratio,cash_to_current_liabilities,inventory_to_current_assets,financial_debt_to_assets,financial_debt_to_equity,operating_income_to_financial_expense
2015-03-31,78219000.0,-60944000.0,17275000.0,7222000.0,6447000.0,85000.0,-274000.0,,,,,,,,0.22085426814456846,0.09233050793285519,-0.0035029852081974967,0.7791457318554316,0.0824224293330265,0.3731982633863965,,,,,,1.1202109508298432
2015-06-30,68389000.0,-53807000.0,14582000.0,5967000.0,4549000.0,754000.0,509000.0,,,,,,,,0.2132214244980918,0.08725087367851556,0.007442717396072468,0.7867785755019082,0.06651654505841582,0.31195995062405707,,,,,,1.3117168608485381
2015-09-30,68644000.0,-57669000.0,10975000.0,1036000.0,4541000.0,4808000.0,-1108000.0,,,,,,,,0.15988287395839404,0.015092360585047492,-0.016141250509877046,0.8401171260416059,0.06615290484237515,0.4137585421412301,,,,,,0.2281435807090949
2015-12-31,52477000.0,-44266000.0,8211000.0,-523000.0,3154000.0,2858000.0,3734000.0,29954000.0,57528000.0,122048000.0,530853000.0,80246000.0,239531000.0,131357000.0,0.1564685481258456,-0.009966270937744154,0.07115498218267051,0.8435314518741543,0.06010252110448387,0.38411886493727926,1.5209231612790668,0.37327717269396604,0.4713555322496067,0.24744514959885316,0.5483924836451232,-0.16582117945466074
2016-03-31,49096000.0,-42093000.0,7003000.0,213000.0,4665000.0,602000.0,-3942000.0,27292000.0,48188000.0,101298000.0,506007000.0,67832000.0,235585000.0,118031000.0,0.1426389115202868,0.004338438976698712,-0.08029167345608604,0.8573610884797133,0.09501792406713377,0.6661430815364844,1.493365962967331,0.4023469748791131,0.47570534462674485,0.23325961893807792,0.5010123734533183,0.04565916398713826
2016-06-30,60875000.0,-51370000.0,9505000.0,1695000.0,3712000.0,2174000.0,-1355000.0,31640000.0,33655000.0,101469000.0,502685000.0,73097000.0,234230000.0,113613000.0,0.15613963039014372,0.02784394250513347,-0.022258726899383983,0.8438603696098562,0.06097741273100616,0.3905312993161494,1.38814178420455,0.43284950134752453,0.3316776552444589,0.22601231387449397,0.4850488835759723,0.4566271551724138
2016-09-30,53291000.0,-41577000.0,11714000.0,3094000.0,3724000.0,1939000.0,1480000.0,31034000.0,48092000.0,114734000.0,509136000.0,86491000.0,235705000.0,106232000.0,0.21981197575575614,0.058058584001050836,0.027772044059972602,0.7801880242442438,0.06988046762117431,0.31791019293153494,1.326542646055659,0.3588118995039946,0.4191608415988286,0.20865151943684987,0.45069896692900024,0.8308270676691729
2016-12-31,67449000.0,-44878000.0,22571000.0,9548000.0,3611000.0,1857000.0,9702000.0,16810000.0,45478000.0,114725000.0,519379000.0,92259000.0,246658000.0,101833000.0,0.33463802280241367,0.14155880739521712,0.1438420139661077,0.6653619771975863,0.05353674628237631,0.15998405033006957,1.2435101182540458,0.18220444617869258,0.3964088036609283,0.19606684136247327,0.41285099206188325,2.644142896704514
2017-03-31,83923000.0,-49047000.0,34876000.0,26837000.0,13213000.0,59000.0,14242000.0,31222000.0,60072000.0,147176000.0,547216000.0,78345000.0,260752000.0,112969000.0,0.41557141665574393,0.3197812280304565,0.16970318029622392,0.5844285833442561,0.1574419408267102,0.37885652024314714,1.8785627672474312,0.398519369455613,0.4081643746262978,0.20644315955673812,0.4332430815487513,2.031105729206085
2017-06-30,89862000.0,-58583000.0,31279000.0,21242000.0,8961000.0,356000.0,10980000.0,28449000.0,63326000.0,157125000.0,554953000.0,78109000.0,267238000.0,113967000.0,0.3480781642963655,0.2363846787296076,0.12218735394271216,0.6519218357036345,0.09971957000734459,0.2864861408612807,2.011611978133122,0.3642217926231292,0.4030294351630867,0.20536333707539198,0.4264625539781019,2.3704943644682515
2017-09-30,92504000.0,-57880000.0,34624000.0,22887000.0,5407000.0,1748000.0,15830000.0,48934000.0,65551000.0,176898000.0,573158000.0,82419000.0,286715000.0,108985000.0,0.37429732768312723,0.24741632794257545,0.17112773501686412,0.6257026723168728,0.058451526420479114,0.1561633548983364,2.146325483201689,0.5937223213094068,0.37055817476738007,0.19014826627212741,0.3801161432084125,4.23284631033845
2017-12-31,93051000.0,-55684000.0,37367000.0,19641000.0,5312000.0,11121000.0,21018000.0,66153000.0,67469000.0,206016000.0,605873000.0,134857000.0,298220000.0,105862000.0,0.40157548011305627,0.21107779604732888,0.22587613244349872,0.5984245198869437,0.05708697381006115,0.1421575186662028,1.5276626352358424,0.4905418332010945,0.32749398105001554,0.17472638655295747,0.35497954530212594,3.6974774096385543
2018-03-31,89346000.0,-58543000.0,30803000.0,20974000.0,15401000.0,528000.0,3423000.0,54980000.0,73210000.0,195588000.0,594200000.0,116688000.0,301065000.0,112200000.0,0.34476081749602666,0.23475029659973587,0.03831173191860856,0.6552391825039733,0.17237481252658204,0.49998376781482323,1.6761620732208968,0.47117098587686823,0.37430721721168986,0.18882531134298217,0.37267699666185045,1.3618596195052268
2018-06-30,101145000.0,-70454000.0,30691000.0,20158000.0,5788000.0,2374000.0,25140000.0,55233000.0,76073000.0,205026000.0,632395000.0,155827000.0,311553000.0,133601000.0,0.30343566167383457,0.19929803747095753,0.24855405605813435,0.6965643383261654,0.05722477631123635,0.18858948877521098,1.3157283397614021,0.35445076912216755,0.37104074605172027,0.21126194862388223,0.428822704323181,3.4827228749136143
2018-09-30,116074000.0,-88181000.0,27893000.0,19301000.0,15371000.0,70000.0,1888000.0,52915000.0,124406000.0,277292000.0,840876000.0,222379000.0,381868000.0,164524000.0,0.24030359942795113,0.16628185467891174,0.016265485810775884,0.7596964005720489,0.132424143218981,0.551070160972287,1.2469342878599148,0.2379496265384771,0.44864619246137644,0.1956578615634172,0.4308399761174018,1.2556762735020492
2018-12-31,106939000.0,-92539000.0,14400000.0,-1200000.0,1150000.0,758000.0,3499000.0,50454000.0,119066000.0,267341000.0,850870000.0,223757000.0,384027000.0,180760000.0,0.134656205874377,-0.011221350489531415,0.032719587802392015,0.865343794125623,0.010753794219134272,0.0798611111111111,1.1947827330541614,0.22548568312946635,0.4453712674075432,0.21244138352509784,0.4706960708491851,-1.0434782608695652
2019-03-31,116319000.0,-93622000.0,22697000.0,11584000.0,8058000.0,1076000.0,3813000.0,58642000.0,97428000.0,258702000.0,852102000.0,220753000.0,387304000.0,188677000.0,0.1951271933218133,0.09958820141163524,0.03278054316147835,0.8048728066781867,0.06927501096123591,0.35502489315768604,1.1719070635506652,0.2656453139934678,0.3766031959551917,0.22142536926330417,0.48715479313407556,1.437577562670638
2019-06-30,98005000.0,-78493000.0,19512000.0,4966000.0,6502000.0,1168000.0,-2368000.0,48961000.0,108744000.0,251975000.0,846056000.0,230192000.0,378858000.0,196155000.0,0.19909188306719044,0.05067088413856436,-0.024162032549359728,0.8009081169328095,0.06634355390031121,0.33323083230832307,1.094629700423994,0.21269635782303467,0.43156662367298343,0.23184635532399747,0.5177533534992003,0.763764995386035
2019-09-30,114768000.0,-88621000.0,26147000.0,10796000.0,2400000.0,695000.0,6427000.0,50345000.0,114349000.0,265756000.0,859086000.0,246549000.0,384090000.0,191459000.0,0.2278248292206887,0.09406803290115712,0.05599993029415865,0.7721751707793113,0.020911752404851526,0.09178873293303247,1.0779033782331302,0.20419875967860343,0.4302781498818465,0.22286360154862261,0.49847431591554064,4.498333333333333
2019-12-31,91036000.0,-81168000.0,9868000.0,-4554000.0,17094000.0,1259000.0,-20067000.0,47880000.0,113271000.0,265686000.0,865434000.0,264186000.0,360674000.0,196645000.0,0.1083966782371809,-0.0500241662638956,-0.22042928072410914,0.8916033217628191,0.1877718704688255,1.7322659100121605,1.0056778179010242,0.18123594740069496,0.42633409362932184,0.22722125546257715,0.5452153468228927,-0.26640926640926643
2020-03-31,100221000.0,-84358000.0,15863000.0,2880000.0,5934000.0,31959000.0,22077000.0,54291000.0,97414000.0,240481000.0,860087000.0,226090000.0,382526000.0,188430000.0,0.1582802007563285,0.028736492351902294,0.22028317418505103,0.8417197992436715,0.05920914778339869,0.37407804324528776,1.0636516431509575,0.24013003671104427,0.4050798191956953,0.21908248816689474,0.49259396746887796,0.48533872598584427
2020-06-30,84218000.0,-62870000.0,21348000.0,8206000.0,5105000.0,-5912000.0,-7123000.0,62608000.0,92968000.0,236818000.0,845976000.0,215081000.0,375060000.0,194133000.0,0.25348500320596545,0.09743760241278586,-0.08457811869196609,0.7465149967940345,0.06061649528604336,0.2391324714258947,1.1010642502127106,0.2910903334092737,0.39257151061152445,0.2294781412238645,0.5176051831706927,1.6074436826640548
2020-09-30,79349000.0,-63453000.0,15896000.0,4434000.0,4286000.0,-6340000.0,-10806000.0,57856000.0,85939000.0,223469000.0,833628000.0,216603000.0,363534000.0,197454000.0,0.2003301868958651,0.055879721231521504,-0.13618319071443874,0.7996698131041349,0.054014543346481994,0.26962757926522396,1.0316985452648393,0.26710618043148066,0.38456788189860786,0.2368610459341577,0.5431513971182887,1.0345310312645823
2020-12-31,82452000.0,-73203000.0,9249000.0,-5395000.0,8408000.0,-16719000.0,-19435000.0,53040000.0,91477000.0,225605000.0,832231000.0,243549000.0,345503000.0,209881000.0,0.11217435598893902,-0.06543200892640566,-0.23571289962644934,0.887825644011061,0.10197448212293213,0.9090712509460482,0.9263228344193571,0.21777958439574788,0.4054741694554642,0.252190797987578,0.6074650581905222,-0.6416508087535681
2021-03-31,91802000.0,-78226000.0,13576000.0,815000.0,4335000.0,3583000.0,-2527000.0,54412000.0,82142000.0,222095000.0,819302000.0,244165000.0,342930000.0,198911000.0,0.14788348837715953,0.008877802226531012,-0.027526633406679595,0.8521165116228404,0.04722119343805146,0.31931349440188567,0.909610304507198,0.22284930272561587,0.3698507395483914,0.2427810502110333,0.5800338261452774,0.18800461361014995
2021-06-30,98729000.0,-75661000.0,23068000.0,9140000.0,9242000.0,-2440000.0,-4224000.0,50815000.0,87863000.0,233583000.0,825397000.0,257152000.0,338111000.0,194632000.0,0.23364968752848708,0.09257664921147789,-0.04278378186753639,0.766350312471513,0.09360978030771101,0.4006415814114791,0.9083460365853658,0.19760686286709805,0.37615323032926196,0.23580410396451648,0.5756452762554309,0.9889634278294741
2021-09-30,124521000.0,-81936000.0,42585000.0,24443000.0,4958000.0,933000.0,12938000.0,50060000.0,89001000.0,246943000.0,830670000.0,179965000.0,350089000.0,207290000.0,0.3419905076252198,0.1962962070654749,0.10390215305048947,0.6580094923747801,0.039816577123537394,0.11642597158623928,1.3721723668491095,0.27816519878865337,0.36041110701659895,0.24954554757003383,0.592106578612867,4.930012101653893
2021-12-31,135305000.0,-119938000.0,15367000.0,-3300000.0,3543000.0,769000.0,-2580000.0,65924000.0,90548000.0,268381000.0,810546000.0,188057000.0,338543000.0,205255000.0,0.11357303869036621,-0.02438934259635638,-0.01906803148442408,0.8864269613096338,0.02618528509663353,0.23055899004359992,1.4271258182359603,0.3505532896940821,0.3373860295624504,0.2532305384271836,0.6062893044605855,-0.9314140558848434
2022-03-31,157004000.0,-101677000.0,55327000.0,38671000.0,10943000.0,359000.0,26408000.0,68954000.0,99133000.0,293201000.0,821823000.0,175194000.0,364690000.0,199556000.0,0.3523922957376882,0.24630582660314387,0.16819953631754606,0.6476077042623117,0.06969886117551145,0.1977876985920075,1.6735790038471636,0.39358653835177004,0.33810594097564467,0.2428211427521498,0.5471935068140065,3.5338572603490817
2022-06-30,175775000.0,-123540000.0,52235000.0,31072000.0,2181000.0,424000.0,26770000.0,75994000.0,108926000.0,324222000.0,819581000.0,175709000.0,379464000.0,192673000.0,0.2971696771440762,0.17677144076233822,0.15229697055895322,0.7028303228559237,0.012407907836723084,0.04175361347755337,1.8452213603173429,0.4324991889999943,0.3359611624134081,0.23508719699456185,0.5077504058355997,14.246675836772123
2022-09-30,155469000.0,-108525000.0,46944000.0,25369000.0,,2478000.0,16301000.0,75059000.0,126638000.0,347655000.0,826744000.0,180980000.0,393245000.0,187775000.0,0.3019508712347799,0.16317722504164817,0.10485048466253723,0.6980491287652201,,,1.9209581169189966,0.4147364349651895,0.36426342207073104,0.227125930154921,0.4775013032587827,
2022-12-31,135904000.0,-130726000.0,5178000.0,-21263000.0,7423000.0,980000.0,-41731000.0,109219000.0,123285000.0,375715000.0,820323000.0,224260000.0,349234000.0,203914000.0,0.03810042382858488,-0.15645602778431833,-0.3070623381210266,0.9618995761714151,0.054619437249823405,1.4335650830436462,1.6753544992419513,0.487019530901632,0.3281343571590168,0.24857769439598792,0.5838893120372014,-2.8644752795365753
2023-03-31,115952000.0,-95389000.0,20563000.0,1499000.0,14709000.0,803000.0,-12464000.0,107466000.0,117711000.0,346322000.0,784471000.0,207237000.0,335465000.0,188099000.0,0.17734062370636125,0.012927763212363736,-0.10749275562301643,0.8226593762936387,0.1268542155374638,0.7153139133394932,1.6711398061157032,0.5185657001404189,0.3398888895305525,0.23977814348777712,0.560711251546361,0.1019103949962608
2023-06-30,85805000.0,-73920000.0,11885000.0,-4116000.0,19348000.0,2221000.0,-19387000.0,78506000.0,131658000.0,306222000.0,749312000.0,221086000.0,293199000.0,200182000.0,0.13851174173999184,-0.047969232562205,-0.22594254414078432,0.8614882582600082,0.2254880251733582,1.6279343710559528,1.3850809187375048,0.35509258840451224,0.4299429825420773,0.2671544029723266,0.6827513054273718,-0.21273516642547033
2023-09-30,86359000.0,-74940000.0,11419000.0,-5495000.0,5093000.0,2139000.0,-9802000.0,71795000.0,111212000.0,285152000.0,731108000.0,221889000.0,282017000.0,203294000.0,0.13222709850739356,-0.06362973170138607,-0.11350293542074363,0.8677729014926064,0.05897474495999259,0.446011034241177,1.2851110239804586,0.3235626822420219,0.3900095387723039,0.27806288537398033,0.7208572532861495,-1.0789318672688004
2023-12-31,77281000.0,-71678000.0,5603000.0,-5960000.0,22376000.0,3805000.0,2606000.0,67911000.0,108217000.0,282812000.0,725883000.0,247037000.0,287638000.0,214063000.0,0.07250164982337184,-0.07712115526455403,0.03372109574151473,0.9274983501766282,0.2895407668120237,3.993574870605033,1.1448163635406843,0.2749021401652384,0.38264642235831575,0.29490014230943556,0.7442097358485318,-0.266356810868788
2024-03-31,76118000.0,-64061000.0,12057000.0,-465000.0,12989000.0,780000.0,-12698000.0,62629000.0,98530000.0,272145000.0,712858000.0,252033000.0,274270000.0,206972000.0,0.15839880186026958,-0.006108936125489372,-0.16681993746551407,0.8416011981397304,0.17064294910533645,1.077299494069835,1.0797990739307948,0.24849523673487203,0.3620496426537324,0.2903411338583561,0.7546286505997739,-0.03579952267303103
2024-06-30,72926000.0,-59665000.0,13261000.0,158000.0,3771000.0,9299000.0,5459000.0,45155000.0,107406000.0,249673000.0,683764000.0,230885000.0,278368000.0,187663000.0,0.18184186709815428,0.002166579820640101,0.07485670405616653,0.8181581329018457,0.05170995255464443,0.2843676947439861,1.0813738441215324,0.19557355393377657,0.4301866841829112,0.27445580638933903,0.6741543568226233,0.041898700609917794
2024-09-30,89643000.0,-70976000.0,18667000.0,2707000.0,7045000.0,8775000.0,4323000.0,41448000.0,106274000.0,246069000.0,676549000.0,229671000.0,281486000.0,172376000.0,0.20823711834722175,0.0301975614381491,0.04822462434322814,0.7917628816527782,0.07858951619200606,0.3774039749290191,1.071397782044751,0.18046684169964863,0.4318869910472266,0.2547871624967297,0.6123785907647272,0.3842441447835344
2024-12-31,74185000.0,-57511000.0,16674000.0,2862000.0,8075000.0,2322000.0,-9299000.0,44603000.0,110939000.0,236498000.0,655669000.0,135767000.0,273514000.0,196110000.0,0.22476241827862775,0.03857922760665903,-0.12534879018669542,0.7752375817213722,0.1088494978769293,0.4842869137579465,1.741940235845235,0.3285260777655837,0.46909064770103764,0.2990990881069564,0.7170016891274305,0.35442724458204333
2025-03-31,80135000.0,-67449000.0,12686000.0,-1084000.0,7654000.0,1106000.0,-7447000.0,38533000.0,102996000.0,225800000.0,642491000.0,130435000.0,267072000.0,193027000.0,0.15830785549385412,-0.01352717289573844,-0.09293067947838023,0.8416921445061459,0.09551382042802771,0.6033422670660571,1.7311304481159198,0.29541917430137615,0.4561381753764393,0.30043533683740314,0.7227526659477594,-0.1416252939639404
2025-06-30,82719000.0,-70414000.0,12305000.0,-1051000.0,14377000.0,334000.0,-15285000.0,39496000.0,104498000.0,237778000.0,655261000.0,148919000.0,253578000.0,199732000.0,0.14875663390514876,-0.012705666171012705,-0.18478221448518478,0.8512433660948513,0.1738052926171738,1.1683868346200732,1.5966935045225927,0.2652180044185094,0.43947715936714077,0.3048128913516904,0.787655080488055,-0.07310287264380608
2025-09-30,78388000.0,-63394000.0,14994000.0,120000.0,11025000.0,552000.0,-10668000.0,36334000.0,107969000.0,242065000.0,653772000.0,156763000.0,242638000.0,199654000.0,0.19127927744042456,0.0015308465581466552,-0.13609225901923763,0.8087207225595755,0.14064652752972392,0.7352941176470589,1.5441462590024433,0.231776630965215,0.44603309028566707,0.3053878110411581,0.822847204477452,0.010884353741496598
2025-12-31,81504000.0,-70052000.0,11452000.0,-2079000.0,9437000.0,830000.0,-4567000.0,26952000.0,107299000.0,219097000.0,636658000.0,155168000.0,235272000.0,197785000.0,0.1405084413034943,-0.025507950530035337,-0.05603405967805261,0.8594915586965057,0.11578572830781311,0.8240482011875655,1.411998607960404,0.17369560734171993,0.48973285804917455,0.31066129696006334,0.8406652725356184,-0.2203030624139027
