Año,Escenario,USD/MXN,SOFR (%),TIIE (%),Manganeso,Oro (USD/oz),Mg Bruto (%),Mg Operativo (%),Gasto Fin/Vtas (%),Ventas (USD M),Util. Op. (USD M),Gasto Fin (USD M),Util. Bruta (USD M),Util. Neta (USD M),Margen Neto (%)
Ref. 2025,Base,19.21428545199592,4.243161831537543,8.689978489280325,4.158686459019288,3439.090455729167,16.0,-1.3,13.14,80.7,-1.0,10.6,12.9,-9.49175,-11.76177199504337
Ref. 2025,Optimista,19.21428545199592,4.243161831537543,8.689978489280325,4.158686459019288,3439.090455729167,16.0,-1.3,13.14,80.7,-1.0,10.6,12.9,-9.49175,-11.76177199504337
Ref. 2025,Adverso,19.21428545199592,4.243161831537543,8.689978489280325,4.158686459019288,3439.090455729167,16.0,-1.3,13.14,80.7,-1.0,10.6,12.9,-9.49175,-11.76177199504337
2026,Base,17.291258333333335,3.55,6.765899999999999,4.963971147363636,4658.4400000000005,31.20429502197094,24.993496364942683,11.387332945690293,118.48146209096416,29.612659920836066,13.491878567219917,36.971304977209115,18.22903135361615,15.385555707964516
2026,Optimista,18.239776160800865,3.2306340069830988,6.006261611643175,5.5731132072418506,5082.058284038477,41.83762420423222,41.48767613854207,10.645642524926206,144.1347516651452,59.798158973927315,15.344070416461479,60.30255574936678,46.562338557465836,32.30472736071296
2026,Adverso,16.395745360469743,3.699164795615425,6.489526186237927,4.426049518179302,4272.672259351111,21.662871264939504,10.165117072486034,11.406217262834295,95.75902481427865,9.734016979842375,10.922482419088025,20.744154270078656,0.9197845607543496,0.9605199745279782
2027,Base,17.291258333333335,3.55,6.765899999999999,4.963971147363636,4658.4400000000005,31.20429502197094,24.993496364942683,11.387332945690293,118.48146209096416,29.612659920836066,13.491878567219917,36.971304977209115,18.22903135361615,15.385555707964516
2027,Optimista,19.127412411980636,1.3379429544231545,1.9383026035737025,6.175772481512617,5490.57547068336,52.222503490434505,57.57082227348296,6.4752825478413545,169.4528854367748,97.55541951209432,10.972553117501084,88.4925390118617,88.69111639459324,52.33969086214534
2027,Adverso,15.634102818820262,3.9155367403889136,5.604792958318392,3.993212510586336,3954.252940029513,13.880015851307347,-1.9488840334843447,11.182533682376452,77.42848036248917,-1.5089912911541126,8.658465896287588,10.747085347739892,-8.0592071874417,-10.408582410130892
