variable,variable_label,month,month_label,n_obs,avg_move,median_move,volatility,positive_hit_rate,min_move,max_move
gold_mom_pct,Gold MoM (%),1,Jan,11,3.511720541853354,3.0292779629898403,2.73192399279207,0.9090909090909091,-0.034314507649391146,9.496427176975807
gold_mom_pct,Gold MoM (%),2,Feb,11,2.4958050324132386,2.304554164036765,3.911388021212303,0.7272727272727273,-3.1081464635465683,9.585503373203409
gold_mom_pct,Gold MoM (%),3,Mar,12,0.6177583346466361,-0.2802754979239208,3.700770003501341,0.4166666666666667,-4.8819796577842745,6.811739459845212
gold_mom_pct,Gold MoM (%),4,Apr,12,2.4273125787205836,1.9728323313420337,3.516743354190652,0.6666666666666666,-2.9363517965061203,7.917523328286391
gold_mom_pct,Gold MoM (%),5,May,12,0.03899866134202867,-0.11290407688106519,2.5154308436563255,0.4166666666666667,-4.526053052955048,5.30027393736463
gold_mom_pct,Gold MoM (%),6,Jun,11,0.3393100419687636,-0.6627870375535139,2.3483214239882786,0.45454545454545453,-2.26655854357366,5.954587623455643
gold_mom_pct,Gold MoM (%),7,Jul,11,0.08986174890366536,-0.30459044664994384,3.8891412127566514,0.45454545454545453,-5.4524237106497235,6.176371891023691
gold_mom_pct,Gold MoM (%),8,Aug,11,1.4591212223673777,0.7663000824409183,3.237940475855455,0.6363636363636364,-2.9449367125579773,6.926492264376916
gold_mom_pct,Gold MoM (%),9,Sep,11,0.6899331359021271,-0.20150094450197553,3.543047681105071,0.45454545454545453,-4.587207700746698,8.887575787487801
gold_mom_pct,Gold MoM (%),10,Oct,11,0.8417951190941061,-0.18854534528383038,4.121478434397173,0.36363636363636365,-4.567835574991519,10.599824188614427
gold_mom_pct,Gold MoM (%),11,Nov,11,-0.24632721501848545,0.12627987922844142,2.970536861985284,0.5454545454545454,-6.378494215924723,3.750980225450662
gold_mom_pct,Gold MoM (%),12,Dec,11,0.3430767073790167,-0.31850693568010735,3.3763500457836506,0.45454545454545453,-6.877170078200079,5.609812091622124
usd_mxn_mom_pct,USD/MXN MoM (%),1,Jan,10,-0.9775219747230768,-1.4348771642635372,2.44007198040614,0.2,-4.530340210901107,4.209621517320228
usd_mxn_mom_pct,USD/MXN MoM (%),2,Feb,10,-0.9321354528505976,-0.3511696300675937,1.9034087831517854,0.4,-5.0169590972722,1.9601225365730501
usd_mxn_mom_pct,USD/MXN MoM (%),3,Mar,10,1.537787805159888,-0.01346591955208587,6.503990811603634,0.5,-5.02174186000881,18.90736989813235
usd_mxn_mom_pct,USD/MXN MoM (%),4,Apr,10,-0.7062530434381353,-1.500555154251526,3.185817522914351,0.2,-3.4118844862715436,7.895938381716494
usd_mxn_mom_pct,USD/MXN MoM (%),5,May,10,-0.23141623971996483,-0.3539856968766242,2.6566405338939236,0.3,-2.9827012262717556,6.449688282671762
usd_mxn_mom_pct,USD/MXN MoM (%),6,Jun,10,0.09167085013090488,0.17188346617661443,3.8682958661591997,0.5,-5.024930963147023,8.340625582069139
usd_mxn_mom_pct,USD/MXN MoM (%),7,Jul,10,-1.0972764749220132,-0.8545294468976949,2.2695017896466054,0.2,-6.313463139569675,2.588302192390679
usd_mxn_mom_pct,USD/MXN MoM (%),8,Aug,10,0.5565760681492549,-0.02194234373633641,2.303426523813034,0.5,-2.089728135387947,5.7016550650971665
usd_mxn_mom_pct,USD/MXN MoM (%),9,Sep,10,0.4702032680163725,-0.03978718431899009,1.8798902369862027,0.5,-2.4439229696603726,3.994152711832877
usd_mxn_mom_pct,USD/MXN MoM (%),10,Oct,10,0.7882552205512351,0.09739418252467935,2.5351155711345377,0.5,-1.850301652479902,5.497120595178129
usd_mxn_mom_pct,USD/MXN MoM (%),11,Nov,10,0.7414866341153693,0.32392990127342314,3.6467463372762134,0.6,-3.9361061691782107,6.450150808148791
usd_mxn_mom_pct,USD/MXN MoM (%),12,Dec,10,-0.33998400788210037,-0.5990198885715781,1.4207615747180267,0.4,-2.305884746769915,2.0387657092221456
manganese_mom_pct,Manganese MoM (%),1,Jan,5,1.6954318142291047,-0.2115420965464243,3.099324017994653,0.4,-1.0691930247914816,5.591319999576894
manganese_mom_pct,Manganese MoM (%),2,Feb,5,2.4878803146303685,2.232512547943122,1.6827284415460404,1.0,0.05656007532053309,4.150893097027208
manganese_mom_pct,Manganese MoM (%),3,Mar,5,1.9616262926329298,0.8937383498411888,4.496449682830205,0.8,-3.363445985776281,9.024764295181932
manganese_mom_pct,Manganese MoM (%),4,Apr,5,0.8193138680837242,1.8776675806077003,3.60379197662529,0.6,-3.9491567849132214,4.380316691902664
manganese_mom_pct,Manganese MoM (%),5,May,5,2.995696499352019,-1.8282919838531364,12.94522942271645,0.2,-3.9870994172224394,26.056670769710234
manganese_mom_pct,Manganese MoM (%),6,Jun,5,-0.6612647270196104,-0.035383807675493095,2.106392079509226,0.4,-3.2406131461992227,2.1459046856415975
manganese_mom_pct,Manganese MoM (%),7,Jul,5,-3.5677997155790804,-0.8153555910332733,6.0950470091667075,0.4,-14.146322714304793,0.2690406768975473
manganese_mom_pct,Manganese MoM (%),8,Aug,5,-1.7641742031524419,-0.8177946127810087,3.235546916182508,0.4,-5.913774627749568,1.4471000499176379
manganese_mom_pct,Manganese MoM (%),9,Sep,5,-0.5901064414742874,0.6207204273950939,4.129333769519681,0.6,-6.050674633533104,4.795322986332073
manganese_mom_pct,Manganese MoM (%),10,Oct,5,-0.8086964113979956,-1.4515553856840557,2.1960980157834444,0.4,-3.510816649693971,2.3909604325387246
manganese_mom_pct,Manganese MoM (%),11,Nov,5,-0.9113644748566816,-0.2121120704797419,2.1275532812325135,0.4,-4.647308649047465,0.44114238141137463
manganese_mom_pct,Manganese MoM (%),12,Dec,5,-0.5640283736057317,-2.1226544156595195,2.646471974956592,0.4,-3.108833188637772,2.6450214757887336
sofr_change_bps,SOFR MoM (bps),1,Jan,8,-0.30573165869218943,-0.6382775119617229,14.115164319601286,0.375,-21.619047619047606,23.87857142857143
sofr_change_bps,SOFR MoM (bps),2,Feb,8,2.5225563909774342,0.6171052631578976,9.052600373239445,0.625,-6.817042606516305,23.339473684210535
sofr_change_bps,SOFR MoM (bps),3,Mar,8,-10.125207039337464,-0.6456937799042759,35.74818671656168,0.5,-97.62440191387559,11.183066361556063
sofr_change_bps,SOFR MoM (bps),4,Apr,8,-2.7957373671332384,1.286147186147224,23.622901642051637,0.625,-59.0021645021645,17.066361556064074
sofr_change_bps,SOFR MoM (bps),5,May,9,5.722489304068247,-0.22727272727271486,16.20379930570618,0.3333333333333333,-5.573593073593084,43.01904761904762
sofr_change_bps,SOFR MoM (bps),6,Jun,8,7.0806163135110465,2.582251082251048,13.066271175946591,0.875,-2.745454545454544,38.04761904761904
sofr_change_bps,SOFR MoM (bps),7,Jul,8,9.609372863978138,3.2336580086580424,16.86454791107316,1.0,1.791866028708136,51.033333333333346
sofr_change_bps,SOFR MoM (bps),8,Aug,8,6.779233719179372,0.1790890269151059,28.467700553605642,0.5,-32.136363636363626,67.6478260869565
sofr_change_bps,SOFR MoM (bps),9,Sep,8,2.4429937244296314,0.25652173913041226,12.387488330414183,0.5,-18.72272727272736,22.795031055900633
sofr_change_bps,SOFR MoM (bps),10,Oct,8,-0.7059125085440741,-0.10357142857142872,28.892014029707923,0.5,-40.74090909090906,52.507142857142824
sofr_change_bps,SOFR MoM (bps),11,Nov,8,0.12927821447557664,0.133646616541354,30.448779099196855,0.5,-29.14593301435408,68.55
sofr_change_bps,SOFR MoM (bps),12,Dec,8,2.121213070555185,-0.22488038277511943,15.880476162912737,0.375,-17.77777777777774,34.37142857142861
tiie_28d_change_bps,TIIE 28D MoM (bps),1,Jan,9,3.3665255298230714,-0.33389952153087266,16.973292050298284,0.4444444444444444,-19.684235294117475,26.102091097308517
tiie_28d_change_bps,TIIE 28D MoM (bps),2,Feb,9,1.5314157267549435,-0.5443636363636206,23.059680014182803,0.3333333333333333,-38.14826388888887,34.29449760765535
tiie_28d_change_bps,TIIE 28D MoM (bps),3,Mar,9,-1.3898433391609246,-5.103958333333297,18.66673684965237,0.3333333333333333,-30.693032581453615,30.78157894736838
tiie_28d_change_bps,TIIE 28D MoM (bps),4,Apr,9,-9.802328430752096,-2.061500000000022,29.482572942526403,0.4444444444444444,-55.83330952380949,37.66599999999995
tiie_28d_change_bps,TIIE 28D MoM (bps),5,May,9,-5.926823441302779,0.07035714285716366,22.502336139164036,0.5555555555555556,-53.3236578947368,30.180818181818196
tiie_28d_change_bps,TIIE 28D MoM (bps),6,Jun,8,-1.909072556893591,0.2351764069263157,24.248508111704602,0.5,-35.33547846889959,42.29727272727274
tiie_28d_change_bps,TIIE 28D MoM (bps),7,Jul,8,0.45257429980001973,0.040188358742671015,33.682660494305836,0.625,-47.72439628482977,58.1416233766234
tiie_28d_change_bps,TIIE 28D MoM (bps),8,Aug,8,-1.3837068198534972,-5.735847449651748,24.178834454477553,0.375,-28.028778467908964,49.06080745341615
tiie_28d_change_bps,TIIE 28D MoM (bps),9,Sep,8,-1.4912911812451575,-2.770112729874527,19.824501871902555,0.5,-23.73428571428568,39.48300207039346
tiie_28d_change_bps,TIIE 28D MoM (bps),10,Oct,9,1.2536595830836927,0.03476190476192631,27.78617459944415,0.5555555555555556,-21.475499999999982,64.03476190476182
tiie_28d_change_bps,TIIE 28D MoM (bps),11,Nov,9,2.6934256256674893,0.15340909090902355,20.378015526538665,0.5555555555555556,-20.300555555555626,46.83971428571437
tiie_28d_change_bps,TIIE 28D MoM (bps),12,Dec,9,7.04039134576116,-0.10123684210536221,24.100499740994522,0.4444444444444444,-20.734124999999963,51.422666666666586
