date,base,low_80,high_80,variable
2015-02-28,1213.9485096137578,1057.1159381055907,1392.820148501951,Oro (USD/oz)
2015-03-31,1187.978641628623,1022.2698515465117,1350.4312172649065,Oro (USD/oz)
2015-04-30,1184.829347229996,1017.0849010897282,1341.4305551930925,Oro (USD/oz)
2015-05-31,1163.107000869609,997.1270745393879,1327.8658315720704,Oro (USD/oz)
2015-06-30,1176.8821172408057,1020.2209888680082,1347.2338907777546,Oro (USD/oz)
2015-07-31,1149.7939921940247,975.5084921649801,1314.0348672918935,Oro (USD/oz)
2015-08-31,1154.3924136879841,989.3580194126969,1324.1017906998177,Oro (USD/oz)
2015-09-30,1151.3487173403187,976.3113959835529,1324.7276292994518,Oro (USD/oz)
2015-10-31,1155.6215365927253,990.9993679637658,1316.7079956753591,Oro (USD/oz)
2015-11-30,1149.1066702525072,985.008839413104,1312.3567587213654,Oro (USD/oz)
2015-12-31,1169.4194235580865,1002.0358935163702,1335.9288607443664,Oro (USD/oz)
2016-01-31,1208.4309794523072,1042.8449430032922,1380.2409429592374,Oro (USD/oz)
2016-02-29,1235.2555896937668,1072.0179747016,1404.5544931915208,Oro (USD/oz)
2016-03-31,1223.596650741097,1052.7482475638774,1382.1521629318404,Oro (USD/oz)
2016-04-30,1261.0460421747566,1096.6104580779233,1430.7781693949044,Oro (USD/oz)
2016-05-31,1230.130786713138,1072.6518831557723,1400.8723731051186,Oro (USD/oz)
2016-06-30,1186.733948979477,1013.1010065947432,1344.1581073044636,Oro (USD/oz)
2016-07-31,1177.7034503179,1014.9959767685938,1347.563146298929,Oro (USD/oz)
2016-08-31,1184.930915921984,1023.4976522929899,1358.1763437978404,Oro (USD/oz)
2016-09-30,1199.9635026147753,1031.25607419176,1360.2560426817624,Oro (USD/oz)
2016-10-31,1227.7607934814632,1060.2642546023885,1391.9062650960243,Oro (USD/oz)
2016-11-30,1200.0859176415372,1025.7510683904366,1364.1603275209782,Oro (USD/oz)
2016-12-31,1184.7343806651697,1016.1620162739854,1340.2181204570866,Oro (USD/oz)
2017-01-31,1261.741995229019,1094.5592574060622,1421.5077036721684,Oro (USD/oz)
2017-02-28,1284.6060879326642,1118.7912253066586,1456.8633753302568,Oro (USD/oz)
2017-03-31,1268.4124838899895,1104.0742374586305,1426.2253956295335,Oro (USD/oz)
2017-04-30,1292.1592154358368,1138.5377147863503,1447.3551601330407,Oro (USD/oz)
2017-05-31,1263.866240187781,1099.1791186381017,1430.1188840782138,Oro (USD/oz)
2017-06-30,1239.604055187496,1068.6161360486456,1399.056367479242,Oro (USD/oz)
2017-07-31,1224.8615584278443,1044.0581854935137,1391.3000394737987,Oro (USD/oz)
2017-08-31,1231.3346579697632,1076.1909519464614,1405.7013679236568,Oro (USD/oz)
2017-09-30,1240.4038552851803,1071.3566682659568,1422.6281118222685,Oro (USD/oz)
2017-10-31,1260.1412083762539,1105.4590637096899,1425.1209874524613,Oro (USD/oz)
2017-11-30,1239.2050725007564,1071.676631737781,1406.5940621470302,Oro (USD/oz)
2017-12-31,1235.9220896093964,1073.5217993092526,1415.1388706844223,Oro (USD/oz)
2018-01-31,1300.3724617899056,1127.7851251404718,1463.4828410808811,Oro (USD/oz)
2018-02-28,1333.9075115917653,1166.1862773845755,1492.965293543467,Oro (USD/oz)
2018-03-31,1312.9412195668092,1152.2474240333406,1491.3234871009488,Oro (USD/oz)
2018-04-30,1323.1494238056766,1160.3690762598221,1487.2816223714303,Oro (USD/oz)
2018-05-31,1297.922362741494,1130.3867968458542,1478.7298229188339,Oro (USD/oz)
2018-06-30,1292.7252283321407,1118.897144508687,1460.6954604117348,Oro (USD/oz)
2018-07-31,1271.9629371267672,1118.9547009739445,1432.7510489614494,Oro (USD/oz)
2018-08-31,1277.5583936959083,1119.0715595574377,1454.4096796864867,Oro (USD/oz)
2018-09-30,1280.5985900682615,1122.3036231684296,1448.9815677751797,Oro (USD/oz)
2018-10-31,1292.4923676303026,1125.8098353451592,1459.2403328388973,Oro (USD/oz)
2018-11-30,1278.6136889109857,1109.9954380367974,1445.3831583413894,Oro (USD/oz)
2018-12-31,1287.2240939335104,1131.7162787650518,1447.946457362726,Oro (USD/oz)
2019-01-31,1339.0073414039698,1164.9549080849517,1522.9594722793174,Oro (USD/oz)
2019-02-28,1400.2805671759668,1237.1851959787166,1565.9298341173362,Oro (USD/oz)
2019-03-31,1393.270738655381,1232.9630487637241,1558.330424894785,Oro (USD/oz)
2019-04-30,1408.4698695451802,1251.6895016448243,1574.9244167104896,Oro (USD/oz)
2019-05-31,1405.7075626493404,1229.8951518009364,1567.278396525738,Oro (USD/oz)
2019-06-30,1437.8323572723978,1254.8162818686205,1597.3329294886894,Oro (USD/oz)
2019-07-31,1429.705566399143,1276.159283507523,1595.1019523142597,Oro (USD/oz)
2019-08-31,1453.2653220667505,1287.8368183108782,1613.8982577018976,Oro (USD/oz)
2019-09-30,1468.5713039515367,1303.202682761225,1647.8214602890203,Oro (USD/oz)
2019-10-31,1491.805457377548,1310.9963565971161,1664.2870986273053,Oro (USD/oz)
2019-11-30,1503.6402692427507,1336.2066898225441,1677.0664089106272,Oro (USD/oz)
2019-12-31,1542.9143566863424,1374.4652928040573,1700.91904162264,Oro (USD/oz)
2020-01-31,1600.8872467187741,1430.1943390517201,1760.9894681906464,Oro (USD/oz)
2020-02-29,1645.4498792183929,1474.2774452698106,1810.5829728883548,Oro (USD/oz)
2020-03-31,1652.7522743758732,1484.4193771154378,1832.4821716662539,Oro (USD/oz)
2020-04-30,1708.5513439521073,1537.3748325818763,1866.1155166942015,Oro (USD/oz)
2020-05-31,1696.5974225709688,1535.5233426221673,1862.9810022255597,Oro (USD/oz)
2020-06-30,1671.5502629796738,1509.5752061446549,1831.878955374716,Oro (USD/oz)
2020-07-31,1681.4805931597932,1507.9350739175743,1853.2461215679718,Oro (USD/oz)
2020-08-31,1707.668887616355,1528.8283765413337,1863.3450121107248,Oro (USD/oz)
2020-09-30,1741.0506635210318,1573.1667637386947,1906.2769675131167,Oro (USD/oz)
2020-10-31,1787.8087832401616,1627.9145360126247,1960.231415687129,Oro (USD/oz)
2020-11-30,1759.1140650410723,1597.3458400701343,1918.5006308048944,Oro (USD/oz)
2020-12-31,1742.708691009538,1582.9080665947272,1909.3929571600859,Oro (USD/oz)
2021-01-31,1818.6624685180946,1652.1475990946053,1979.3465871304106,Oro (USD/oz)
2021-02-28,1840.5747083976462,1682.2442826692852,2011.2108812773913,Oro (USD/oz)
2021-03-31,1823.32726729961,1660.1985644087047,1999.1382178622598,Oro (USD/oz)
2021-04-30,1846.0533236448075,1683.4980006859414,2008.4277836202143,Oro (USD/oz)
2021-05-31,1816.7056506449726,1654.190056464489,1978.6682623815916,Oro (USD/oz)
2021-06-30,1791.4227904011816,1624.8216477495223,1951.1039233115914,Oro (USD/oz)
2021-07-31,1775.6255958896545,1611.8007716391223,1933.030793516846,Oro (USD/oz)
2021-08-31,1781.043997643477,1628.5921707948473,1947.1211936937843,Oro (USD/oz)
2021-09-30,1789.0925197078216,1623.2699165433282,1956.440943920534,Oro (USD/oz)
2021-10-31,1807.7751750394957,1636.1773298829867,1975.750102398265,Oro (USD/oz)
2021-11-30,1785.8183639127637,1622.8169262598321,1952.3971442689278,Oro (USD/oz)
2021-12-31,1781.480683186457,1623.7763495479144,1957.0206522983594,Oro (USD/oz)
2022-01-31,1844.8763574915927,1685.1459664766476,2003.9323973333771,Oro (USD/oz)
2022-02-28,1877.458776954516,1715.2966108281669,2035.3733010829033,Oro (USD/oz)
2022-03-31,1855.4377870541086,1698.1957505503158,2027.1593451190856,Oro (USD/oz)
2022-04-30,1864.6253159296703,1695.3783541641353,2025.4048198014327,Oro (USD/oz)
2022-05-31,1838.3435569785343,1667.2447334537499,2007.997279856356,Oro (USD/oz)
2022-06-30,1832.1256936506154,1666.6300196331408,2005.5859403723614,Oro (USD/oz)
2022-07-31,1810.3086492292719,1655.6841457955566,1966.408827216112,Oro (USD/oz)
2022-08-31,1814.8493525824308,1654.4610470267726,1987.0283507725142,Oro (USD/oz)
2022-09-30,1816.8688200496597,1647.2098661348055,1974.0235247127546,Oro (USD/oz)
2022-10-31,1827.7069818149237,1660.7963707642407,2001.9342749902742,Oro (USD/oz)
2022-11-30,1812.8067394210984,1642.575505620247,1975.3532719768252,Oro (USD/oz)
2022-12-31,1820.3615286466752,1658.0047657096009,1984.916056277743,Oro (USD/oz)
2023-01-31,1871.0891603878647,1700.6412606467427,2018.1026641030346,Oro (USD/oz)
2023-02-28,1914.284558996766,1755.4819577790365,2072.702717033642,Oro (USD/oz)
2023-03-31,1887.2599932599157,1721.7858417132682,2059.64818199079,Oro (USD/oz)
2023-04-30,1883.0900236176817,1724.7092052850167,2048.0695832859487,Oro (USD/oz)
2023-05-31,1860.3129794680324,1697.5578958937983,2016.3920416666256,Oro (USD/oz)
2023-06-30,1873.0674205592131,1707.9515293183745,2045.4708300377122,Oro (USD/oz)
2023-07-31,1844.9245977027833,1683.5597006183557,2017.635021457841,Oro (USD/oz)
2023-08-31,1848.4683213873197,1688.677107806702,2015.0447847317184,Oro (USD/oz)
2023-09-30,1844.4039497400313,1675.8028363957499,2010.2488771170003,Oro (USD/oz)
2023-10-31,1847.622347417598,1678.9584963680543,2004.723566895013,Oro (USD/oz)
2023-11-30,1840.0870731016648,1669.6570436782329,1993.22958729309,Oro (USD/oz)
2023-12-31,1859.3454048247322,1680.636740656095,2040.6215545356417,Oro (USD/oz)
2024-01-31,1897.3025391366125,1740.6347778754628,2066.5638701543653,Oro (USD/oz)
2024-02-29,2014.9163714479341,1849.4834236099769,2197.1882664149266,Oro (USD/oz)
2024-03-31,2100.307980225173,1940.8250350132446,2259.625905014186,Oro (USD/oz)
2024-04-30,2231.677256530206,2067.5064075680666,2384.6691889160234,Oro (USD/oz)
2024-05-31,2297.812548768878,2133.6455213661407,2471.179877219478,Oro (USD/oz)
2024-06-30,2348.335595906479,2176.7546805134107,2518.934304588698,Oro (USD/oz)
2024-07-31,2436.3556449452303,2273.829784660512,2601.5188524791592,Oro (USD/oz)
2024-08-31,2540.6336582603935,2371.9627513650644,2713.1105578247207,Oro (USD/oz)
2024-09-30,2649.5861298346845,2481.85870263664,2823.6889507254996,Oro (USD/oz)
2024-10-31,2774.4339684124157,2605.891100849027,2932.605861071383,Oro (USD/oz)
2024-11-30,2840.678977454015,2672.9169641265066,3013.5895334132174,Oro (USD/oz)
2024-12-31,2922.377988237856,2752.151560188933,3095.472258035881,Oro (USD/oz)
2025-01-31,3096.4361505618044,2935.744370629935,3276.9951248354478,Oro (USD/oz)
2025-02-28,3206.9588025327935,3039.033332326611,3373.88225982739,Oro (USD/oz)
2025-03-31,3287.815746250151,3114.5090005480406,3446.4231932068583,Oro (USD/oz)
2025-04-30,3405.482362725175,3238.10786158005,3562.5169579087774,Oro (USD/oz)
2025-05-31,3474.2399351928793,3315.1902516171463,3634.6266116946304,Oro (USD/oz)
2025-06-30,3543.8976350789276,3397.139861128599,3713.9202503099336,Oro (USD/oz)
2025-07-31,3626.2056860349653,3461.6885674897453,3800.6786469421127,Oro (USD/oz)
2025-08-31,3729.7293332927866,3570.3617110045357,3903.884856066171,Oro (USD/oz)
2025-09-30,3832.718415522223,3662.5423536410044,3993.603788520914,Oro (USD/oz)
2025-10-31,3949.5063163577943,3778.850520903377,4116.343498028539,Oro (USD/oz)
2025-11-30,4022.4900653962063,3873.0027191423674,4192.297412185874,Oro (USD/oz)
2025-12-31,4116.257630249299,3943.087615558084,4288.546879601577,Oro (USD/oz)
2026-01-31,4277.758550133796,4115.686800102245,4432.704282909656,Oro (USD/oz)
2026-02-28,4398.952159152071,4248.805750611052,4557.547024952446,Oro (USD/oz)
2026-03-31,4475.036414831074,4304.252717402767,4642.611245262864,Oro (USD/oz)
2026-04-30,4579.16450394481,4413.04561800928,4751.4061867833225,Oro (USD/oz)
2026-05-31,4650.987990584469,4485.385728719673,4815.105322042294,Oro (USD/oz)
2026-06-01,4688.974962066491,4520.897138055826,4858.1818094148975,Oro (USD/oz)
2026-07-01,4701.1122921008255,4531.278165074284,4873.578669268806,Oro (USD/oz)
2026-08-01,4799.62788214847,4633.461589874966,4953.410112812402,Oro (USD/oz)
2026-09-01,4905.0298717523565,4727.726110021002,5062.286884267434,Oro (USD/oz)
2026-10-01,5025.669096377918,4862.982993762802,5197.144514882741,Oro (USD/oz)
2026-11-01,5167.24505096369,5005.298798594225,5345.003323238179,Oro (USD/oz)
2026-12-01,5221.002078391843,5042.637435264881,5393.617103480609,Oro (USD/oz)
2027-01-01,5278.089490219785,5107.834937526894,5455.237271398822,Oro (USD/oz)
2027-02-01,5476.898442322367,5302.747587725895,5644.671030639801,Oro (USD/oz)
2027-03-01,5565.934757335584,5372.90299499826,5733.931262655002,Oro (USD/oz)
2027-04-01,5655.616259105415,5466.253971190047,5836.01071552215,Oro (USD/oz)
2027-05-01,5800.8350859119655,5599.581451717703,5979.6588563835985,Oro (USD/oz)
2027-06-01,5864.795810198541,5670.079328559107,6056.64047560221,Oro (USD/oz)
2027-07-01,5896.137674416498,5675.258751732476,6088.407407722518,Oro (USD/oz)
2027-08-01,5989.560506085536,5770.164507501072,6181.511535177579,Oro (USD/oz)
2027-09-01,6094.465789407877,5881.152172341151,6301.572444529293,Oro (USD/oz)
2027-10-01,6209.3051987734,5983.33905447681,6435.951214149965,Oro (USD/oz)
2027-11-01,6342.418996290816,6100.532541128935,6576.2197751908,Oro (USD/oz)
2027-12-01,6402.252238903971,6159.2844691714,6638.087101556919,Oro (USD/oz)
2028-01-01,6471.719991623576,6217.851674822774,6715.2941105095,Oro (USD/oz)
2021-05-31,5.599323608176637,5.234543881400682,5.968080981979937,Manganeso (USD/dmtu)
2021-06-30,5.514819417330552,5.1729980389013654,5.878257313165773,Manganeso (USD/dmtu)
2021-07-31,5.2184274926483765,4.85755179958067,5.55892285721197,Manganeso (USD/dmtu)
2021-08-31,5.102116026842555,4.7608813113016595,5.484959224241809,Manganeso (USD/dmtu)
2021-09-30,5.051317454366073,4.689251507414505,5.421658458618636,Manganeso (USD/dmtu)
2021-10-31,5.0363307763040766,4.684851945995271,5.397646150532085,Manganeso (USD/dmtu)
2021-11-30,4.99267527530443,4.593485730572852,5.3522087768352105,Manganeso (USD/dmtu)
2021-12-31,4.9661591587634355,4.615913111391525,5.3145836902179715,Manganeso (USD/dmtu)
2022-01-31,5.035251634651488,4.693838863693101,5.418792384356665,Manganeso (USD/dmtu)
2022-02-28,5.1208508137606135,4.771151198463839,5.499901467410407,Manganeso (USD/dmtu)
2022-03-31,5.189614779809741,4.836693311473741,5.550570512369544,Manganeso (USD/dmtu)
2022-04-30,5.19131961570479,4.840639487916424,5.5540845889247565,Manganeso (USD/dmtu)
2022-05-31,5.068225094408087,4.700014399587554,5.4309828204412485,Manganeso (USD/dmtu)
2022-06-30,4.96726596333253,4.631306798731899,5.338871317573574,Manganeso (USD/dmtu)
2022-07-31,4.87897893633981,4.488411067030915,5.253651749609453,Manganeso (USD/dmtu)
2022-08-31,4.790659559542243,4.448442121302615,5.156216234589581,Manganeso (USD/dmtu)
2022-09-30,4.763639169638333,4.412780464138893,5.1394979780412395,Manganeso (USD/dmtu)
2022-10-31,4.659632335267835,4.2784840186606985,5.046642464065149,Manganeso (USD/dmtu)
2022-11-30,4.582052408312995,4.204503830033625,4.941570716810335,Manganeso (USD/dmtu)
2022-12-31,4.494481965701536,4.115191565231064,4.855390063536359,Manganeso (USD/dmtu)
2023-01-31,4.518755468797749,4.18829618726951,4.884947338219267,Manganeso (USD/dmtu)
2023-02-28,4.850133073484287,4.488386348328518,5.209453162560481,Manganeso (USD/dmtu)
2023-03-31,4.918267573864699,4.5444232180206905,5.260182488159217,Manganeso (USD/dmtu)
2023-04-30,4.893076148621145,4.533068874946923,5.268977971815145,Manganeso (USD/dmtu)
2023-05-31,4.532149040600394,4.185666317334446,4.885300954717241,Manganeso (USD/dmtu)
2023-06-30,4.439614570871001,4.0696331941657,4.821101278183946,Manganeso (USD/dmtu)
2023-07-31,4.579326615195865,4.233561239920803,4.939155145107832,Manganeso (USD/dmtu)
2023-08-31,4.534447796885525,4.191244652756663,4.91655912672276,Manganeso (USD/dmtu)
2023-09-30,4.54543127103162,4.203755082133286,4.933161454331363,Manganeso (USD/dmtu)
2023-10-31,4.369169538940168,4.016364472813314,4.7418720404277215,Manganeso (USD/dmtu)
2023-11-30,4.275773287248377,3.883839307145507,4.632350198974231,Manganeso (USD/dmtu)
2023-12-31,4.1467485643203394,3.779289392048689,4.537796551962265,Manganeso (USD/dmtu)
2024-01-31,4.1485769589524635,3.7835616799380554,4.514524384335095,Manganeso (USD/dmtu)
2024-02-29,4.289959697710899,3.921504534655726,4.64550974168021,Manganeso (USD/dmtu)
2024-03-31,4.365773638011871,3.994505424627721,4.748511031183735,Manganeso (USD/dmtu)
2024-04-30,4.424965894488408,4.051245487035014,4.802669120885156,Manganeso (USD/dmtu)
2024-05-31,4.798269420565053,4.441174368090541,5.15507171609478,Manganeso (USD/dmtu)
2024-06-30,4.754831441292931,4.39292340212971,5.114142644809096,Manganeso (USD/dmtu)
2024-07-31,4.270236842053691,3.917369010800144,4.632910091867633,Manganeso (USD/dmtu)
2024-08-31,4.14116413801116,3.783819235890483,4.503257504353201,Manganeso (USD/dmtu)
2024-09-30,4.080519620759806,3.72958109783247,4.4783940381882825,Manganeso (USD/dmtu)
2024-10-31,4.170809151959812,3.8311822490596548,4.545706616656638,Manganeso (USD/dmtu)
2024-11-30,4.178718436101501,3.825375820161841,4.574192950089792,Manganeso (USD/dmtu)
2024-12-31,4.232663119555735,3.8399860399890833,4.61794088956908,Manganeso (USD/dmtu)
2025-01-31,4.3688328521271576,3.9789793046931674,4.732578638808594,Manganeso (USD/dmtu)
2025-02-28,4.225668896143847,3.857972312431796,4.555219903124952,Manganeso (USD/dmtu)
2025-03-31,4.309124470617963,3.923518727376133,4.6742495915765305,Manganeso (USD/dmtu)
2025-04-30,4.350748760008161,3.9957648352385817,4.704693710543061,Manganeso (USD/dmtu)
2025-05-31,4.52952464581105,4.191366935145336,4.90637846975922,Manganeso (USD/dmtu)
2025-06-30,4.5059185466756855,4.160271582651321,4.876203009412895,Manganeso (USD/dmtu)
2025-07-31,4.272454650091723,3.90069495479499,4.653805077128849,Manganeso (USD/dmtu)
2025-08-31,4.219071212451248,3.870069947315388,4.59074377588023,Manganeso (USD/dmtu)
2025-09-30,4.229170731748885,3.875891611938927,4.5907618858842545,Manganeso (USD/dmtu)
2025-10-31,4.277112859264582,3.9313344451853807,4.662812489272499,Manganeso (USD/dmtu)
2025-11-30,4.294356202373951,3.938087139211178,4.663692189008655,Manganeso (USD/dmtu)
2025-12-31,4.330860951692842,3.960198403556574,4.70529202780668,Manganeso (USD/dmtu)
2026-01-31,4.462974293444253,4.107176007277957,4.7944561181497205,Manganeso (USD/dmtu)
2026-02-28,4.605520541304205,4.236111407337132,4.944219479774139,Manganeso (USD/dmtu)
2026-03-31,4.737344938570953,4.378915275176595,5.1061619738374695,Manganeso (USD/dmtu)
2026-04-30,4.800075998222274,4.43868853682359,5.158332473719885,Manganeso (USD/dmtu)
2026-05-31,4.740041908205951,4.38529953622702,5.093464826307949,Manganeso (USD/dmtu)
2026-06-01,5.298780763583809,4.921573584496028,5.667895427290632,Manganeso (USD/dmtu)
2026-07-01,5.36771905637002,4.979855583111113,5.7454563056665675,Manganeso (USD/dmtu)
2026-08-01,4.522570811462878,4.16358594760288,4.899193418487758,Manganeso (USD/dmtu)
2026-09-01,4.369303743163197,3.995965233569291,4.736228177483379,Manganeso (USD/dmtu)
2026-10-01,4.287512542490874,3.901893922771126,4.657547197006956,Manganeso (USD/dmtu)
2026-11-01,4.591875083441745,4.2173724607169225,4.96696268646213,Manganeso (USD/dmtu)
2026-12-01,4.712029344554326,4.360888453202236,5.091737216754807,Manganeso (USD/dmtu)
2027-01-01,4.939153618174653,4.578145375668041,5.282459764576325,Manganeso (USD/dmtu)
2027-02-01,5.230580008010287,4.892769327433953,5.613921853007149,Manganeso (USD/dmtu)
2027-03-01,4.640889989030098,4.275691238134372,5.011394532946166,Manganeso (USD/dmtu)
2027-04-01,4.749925951565961,4.383966335404995,5.152536464406293,Manganeso (USD/dmtu)
2027-05-01,4.8653408288276765,4.47851583405426,5.256029240394045,Manganeso (USD/dmtu)
2027-06-01,5.52329924246621,5.139065205878212,5.909321846082709,Manganeso (USD/dmtu)
2027-07-01,5.554182034599566,5.20131974005134,5.913150626732512,Manganeso (USD/dmtu)
2027-08-01,4.910513141312196,4.541978193214471,5.2811531032856065,Manganeso (USD/dmtu)
2027-09-01,4.793011973597492,4.416038571986457,5.160631953703104,Manganeso (USD/dmtu)
2027-10-01,4.745181816603003,4.368545284034313,5.164700221651439,Manganeso (USD/dmtu)
2027-11-01,4.96588412170203,4.588798373898022,5.337615256148791,Manganeso (USD/dmtu)
2027-12-01,5.0515874558823795,4.625449294071518,5.446307674117389,Manganeso (USD/dmtu)
2028-01-01,5.214009363167244,4.83626117896668,5.629407228578842,Manganeso (USD/dmtu)
2016-05-31,18.674564178488637,17.2173799531891,20.010418770157642,USD/MXN (pesos/dólar)
2016-06-30,18.66938200970483,17.269819340122677,20.183886920752066,USD/MXN (pesos/dólar)
2016-07-31,18.565761010342168,17.136615245867905,20.08208258838013,USD/MXN (pesos/dólar)
2016-08-31,18.599400924039244,17.12755950731111,20.029360519657043,USD/MXN (pesos/dólar)
2016-09-30,18.68422702590398,17.22069299048812,20.11239526486342,USD/MXN (pesos/dólar)
2016-10-31,18.69552033258321,17.29114817133376,20.131090834236712,USD/MXN (pesos/dólar)
2016-11-30,19.168917779442616,17.77565945710945,20.569721466077677,USD/MXN (pesos/dólar)
2016-12-31,19.297718501521857,17.9882744358583,20.629087556201462,USD/MXN (pesos/dólar)
2017-01-31,19.467392497771908,18.132464169306417,21.002583009389138,USD/MXN (pesos/dólar)
2017-02-28,18.491307665425644,17.127970824782793,19.890072607170566,USD/MXN (pesos/dólar)
2017-03-31,19.085579107579754,17.655844724040954,20.381038366395018,USD/MXN (pesos/dólar)
2017-04-30,19.17334576657005,17.84136833730496,20.57817378308225,USD/MXN (pesos/dólar)
2017-05-31,19.01984470793019,17.68604114412678,20.41334478991358,USD/MXN (pesos/dólar)
2017-06-30,19.07493016995257,17.571422170156378,20.529737933319264,USD/MXN (pesos/dólar)
2017-07-31,18.918210253121103,17.56260402495648,20.45198620007863,USD/MXN (pesos/dólar)
2017-08-31,19.025674985415716,17.66350283770003,20.497756039909284,USD/MXN (pesos/dólar)
2017-09-30,19.130869905241738,17.689067311230456,20.594742098694315,USD/MXN (pesos/dólar)
2017-10-31,19.264388015128386,17.902443132425983,20.730550137701346,USD/MXN (pesos/dólar)
2017-11-30,19.515192372084964,18.104056011538702,20.947322395091746,USD/MXN (pesos/dólar)
2017-12-31,19.525959696767085,18.17677455820047,20.875790757211938,USD/MXN (pesos/dólar)
2018-01-31,19.446354483397315,17.94650486182737,20.764697615718635,USD/MXN (pesos/dólar)
2018-02-28,19.482309280958013,18.133482361359803,20.829404439949165,USD/MXN (pesos/dólar)
2018-03-31,19.548053074307397,18.17052493955999,21.016675207633625,USD/MXN (pesos/dólar)
2018-04-30,19.30549283564585,17.907217861972477,20.836785224987196,USD/MXN (pesos/dólar)
2018-05-31,19.367570178497857,17.924738071985274,20.58329026572894,USD/MXN (pesos/dólar)
2018-06-30,19.48202579232722,18.115212129106673,20.944182015600557,USD/MXN (pesos/dólar)
2018-07-31,19.272585506000688,17.848416351370894,20.783716813006187,USD/MXN (pesos/dólar)
2018-08-31,19.454450851909716,18.045816814686226,20.73986719483888,USD/MXN (pesos/dólar)
2018-09-30,19.57899407774712,18.1102041886864,20.860436306957276,USD/MXN (pesos/dólar)
2018-10-31,19.83047720073337,18.45015896830738,21.356709840484726,USD/MXN (pesos/dólar)
2018-11-30,19.855121812129227,18.383219230959202,21.323310589837178,USD/MXN (pesos/dólar)
2018-12-31,19.750802677098296,18.381512520301047,21.231923368163045,USD/MXN (pesos/dólar)
2019-01-31,19.434969381706047,17.99408832940722,20.881154623719656,USD/MXN (pesos/dólar)
2019-02-28,20.477464727296475,18.92641011598283,21.824167960484782,USD/MXN (pesos/dólar)
2019-03-31,19.99965608289873,18.64027908086545,21.46665154594717,USD/MXN (pesos/dólar)
2019-04-30,19.433952372365198,18.12584626293434,20.87015461518328,USD/MXN (pesos/dólar)
2019-05-31,19.71790267720342,18.27954690511915,21.16734351248828,USD/MXN (pesos/dólar)
2019-06-30,19.89069292008891,18.547759215255567,21.362612972514317,USD/MXN (pesos/dólar)
2019-07-31,19.6289015856454,18.280424982563332,20.896446021501486,USD/MXN (pesos/dólar)
2019-08-31,19.88563271852922,18.469074919576308,21.353207369494367,USD/MXN (pesos/dólar)
2019-09-30,20.028402786970315,18.646252563614283,21.33593921443262,USD/MXN (pesos/dólar)
2019-10-31,20.393494199899493,18.982823504685456,21.877329127952155,USD/MXN (pesos/dólar)
2019-11-30,20.188695875967202,18.653069949549234,21.504750169834747,USD/MXN (pesos/dólar)
2019-12-31,19.972461095164316,18.561315905712508,21.47137116040156,USD/MXN (pesos/dólar)
2020-01-31,19.433545196046463,18.00119946524574,20.810362473757607,USD/MXN (pesos/dólar)
2020-02-29,19.08358489703656,17.646372712556605,20.435340050675503,USD/MXN (pesos/dólar)
2020-03-31,20.190919110887958,18.723660604180452,21.63942236594261,USD/MXN (pesos/dólar)
2020-04-30,20.615583961892746,19.139577203670267,21.958133265763756,USD/MXN (pesos/dólar)
2020-05-31,20.252843211682325,18.829064108786365,21.606720673060394,USD/MXN (pesos/dólar)
2020-06-30,20.24752729527859,18.91327346993636,21.683982892170096,USD/MXN (pesos/dólar)
2020-07-31,20.143661061848906,18.71637365321928,21.585179312143737,USD/MXN (pesos/dólar)
2020-08-31,20.177055741484736,18.752214225296907,21.575243998668274,USD/MXN (pesos/dólar)
2020-09-30,20.261644520062347,18.94704305928159,21.58662196412068,USD/MXN (pesos/dólar)
2020-10-31,20.27269259317433,18.805624896888908,21.607749373992924,USD/MXN (pesos/dólar)
2020-11-30,20.6748617806455,19.227410053454065,22.070941635939302,USD/MXN (pesos/dólar)
2020-12-31,20.73005996802583,19.320770628464405,22.140605244801627,USD/MXN (pesos/dólar)
2021-01-31,20.826131429577675,19.592837878711848,22.223929701985544,USD/MXN (pesos/dólar)
2021-02-28,19.783566887924305,18.404998687576146,21.172812766245322,USD/MXN (pesos/dólar)
2021-03-31,20.304151625462804,18.89896644797194,21.70754648578188,USD/MXN (pesos/dólar)
2021-04-30,20.320608570307684,18.92607526251899,21.747621293387677,USD/MXN (pesos/dólar)
2021-05-31,20.093420806839582,18.7031472148637,21.58179214874038,USD/MXN (pesos/dólar)
2021-06-30,20.077196554515197,18.77324007517556,21.563499153027156,USD/MXN (pesos/dólar)
2021-07-31,19.846725405288552,18.493403170329543,21.20168374323275,USD/MXN (pesos/dólar)
2021-08-31,19.88043890518534,18.507162351238247,21.329076426940933,USD/MXN (pesos/dólar)
2021-09-30,19.91426166403505,18.508093080285835,21.3416535405621,USD/MXN (pesos/dólar)
2021-10-31,19.974028540914105,18.463172797557178,21.38581645148422,USD/MXN (pesos/dólar)
2021-11-30,20.153430028340356,18.773023668281624,21.584639810167413,USD/MXN (pesos/dólar)
2021-12-31,20.090414387842717,18.551869515473676,21.433228953922104,USD/MXN (pesos/dólar)
2022-01-31,19.93701592188118,18.463032380366958,21.3744914935272,USD/MXN (pesos/dólar)
2022-02-28,19.906293908410674,18.520391462885843,21.334401241126013,USD/MXN (pesos/dólar)
2022-03-31,19.89821694667799,18.53676645155987,21.41623921743906,USD/MXN (pesos/dólar)
2022-04-30,19.584217267617547,18.2154258422445,21.054506286589767,USD/MXN (pesos/dólar)
2022-05-31,19.572473854634435,18.1045379821613,20.929812729336668,USD/MXN (pesos/dólar)
2022-06-30,19.61549002664272,18.23035758301426,21.02805693896708,USD/MXN (pesos/dólar)
2022-07-31,19.332228983772147,17.956432898050267,20.76302954277398,USD/MXN (pesos/dólar)
2022-08-31,19.44027357313726,17.990931038213617,20.74989893821008,USD/MXN (pesos/dólar)
2022-09-30,19.49337735700618,18.106611799442426,20.98661533045139,USD/MXN (pesos/dólar)
2022-10-31,19.671039723387214,18.3050448085643,21.10376651558568,USD/MXN (pesos/dólar)
2022-11-30,19.624244892909083,18.13804429276485,21.022163625612862,USD/MXN (pesos/dólar)
2022-12-31,19.446105001446508,17.904230105136115,20.87834079967229,USD/MXN (pesos/dólar)
2023-01-31,19.056450949624335,17.600450983271212,20.355538351002796,USD/MXN (pesos/dólar)
2023-02-28,20.032269482843965,18.694275779570628,21.49245004683928,USD/MXN (pesos/dólar)
2023-03-31,19.480640081896475,18.051158811017213,20.865510247838305,USD/MXN (pesos/dólar)
2023-04-30,18.843496929019572,17.47357106753518,20.260395861519324,USD/MXN (pesos/dólar)
2023-05-31,19.053626476775047,17.70525456623024,20.40816076169397,USD/MXN (pesos/dólar)
2023-06-30,19.15506594808933,17.791334675553635,20.573745614777504,USD/MXN (pesos/dólar)
2023-07-31,18.81954548302171,17.413613636013054,20.192305787894878,USD/MXN (pesos/dólar)
2023-08-31,19.002547485695434,17.72044795246358,20.456127239849124,USD/MXN (pesos/dólar)
2023-09-30,19.07884242010164,17.67815292632335,20.543718035959795,USD/MXN (pesos/dólar)
2023-10-31,19.37524286119564,17.951556650883035,20.83103615524794,USD/MXN (pesos/dólar)
2023-11-30,19.103969403228838,17.67491412378956,20.574177160606308,USD/MXN (pesos/dólar)
2023-12-31,18.819043650857363,17.504519126218476,20.27004974121219,USD/MXN (pesos/dólar)
2024-01-31,18.21153515814428,16.642173396901352,19.57486643929801,USD/MXN (pesos/dólar)
2024-02-29,17.797407594154443,16.425488389895893,19.273074548925422,USD/MXN (pesos/dólar)
2024-03-31,18.83614921440775,17.49172808748963,20.262573079271387,USD/MXN (pesos/dólar)
2024-04-30,19.194577840782483,17.820429604373846,20.552906708703645,USD/MXN (pesos/dólar)
2024-05-31,18.763454247207747,17.257237328719164,20.157046100153753,USD/MXN (pesos/dólar)
2024-06-30,18.691961385607815,17.25331572852001,20.158849806491393,USD/MXN (pesos/dólar)
2024-07-31,18.519819336997426,17.052327344241796,19.953094040718096,USD/MXN (pesos/dólar)
2024-08-31,18.484938201450113,17.1111221501254,20.027193194832858,USD/MXN (pesos/dólar)
2024-09-30,18.503453610496255,17.124616995723883,19.934365873947684,USD/MXN (pesos/dólar)
2024-10-31,18.446225868427653,17.02031263162324,19.808843953749474,USD/MXN (pesos/dólar)
2024-11-30,18.85331262294774,17.46059679329616,20.217308672670153,USD/MXN (pesos/dólar)
2024-12-31,18.913592296281866,17.51949800514041,20.346343000208922,USD/MXN (pesos/dólar)
2025-01-31,19.014745243782805,17.664823383792964,20.374675108359558,USD/MXN (pesos/dólar)
2025-02-28,17.9767704313771,16.599261179307092,19.314837287493344,USD/MXN (pesos/dólar)
2025-03-31,18.502520824167476,17.10283458810774,20.00391327033749,USD/MXN (pesos/dólar)
2025-04-30,18.523976790229632,17.149891628704353,19.87505824261731,USD/MXN (pesos/dólar)
2025-05-31,18.301954682018952,17.00755055579939,19.777635173617774,USD/MXN (pesos/dólar)
2025-06-30,18.29072945091195,16.845324611042706,19.782480453030058,USD/MXN (pesos/dólar)
2025-07-31,18.06548848450676,16.67896252279322,19.475068598895145,USD/MXN (pesos/dólar)
2025-08-31,18.104432167231447,16.72354099417034,19.578781153219765,USD/MXN (pesos/dólar)
2025-09-30,18.143316393331006,16.80529561988798,19.561741723736272,USD/MXN (pesos/dólar)
2025-10-31,18.208313453033245,16.77752449203684,19.605927360389092,USD/MXN (pesos/dólar)
2025-11-30,18.39280711626165,16.98835878160042,19.84251424252557,USD/MXN (pesos/dólar)
2025-12-31,18.33505339076135,16.829635624281522,19.83954648802787,USD/MXN (pesos/dólar)
2026-01-31,18.186916839800432,16.74088869949225,19.532693410554568,USD/MXN (pesos/dólar)
2026-02-28,18.16097236469212,16.78277075189587,19.63954202284889,USD/MXN (pesos/dólar)
2026-03-31,18.15818482045077,16.853840641810436,19.619992096934812,USD/MXN (pesos/dólar)
2026-04-30,17.849303932503403,16.38666262605678,19.206832204312644,USD/MXN (pesos/dólar)
2026-05-31,17.842849937001745,16.433101374707483,19.30430324741616,USD/MXN (pesos/dólar)
2026-06-01,18.04200596805285,16.735661070476343,19.52163199338218,USD/MXN (pesos/dólar)
2026-07-01,17.847725290500858,16.442319035303562,19.309092012182745,USD/MXN (pesos/dólar)
2026-08-01,17.782837481219016,16.376787411929733,19.232288645797315,USD/MXN (pesos/dólar)
2026-09-01,17.602359395720008,16.207705719595413,19.013822538013912,USD/MXN (pesos/dólar)
2026-10-01,17.577384546594146,16.16865042129524,18.92871046656935,USD/MXN (pesos/dólar)
2026-11-01,17.263242656973215,15.917239348934416,18.698948225864367,USD/MXN (pesos/dólar)
2026-12-01,18.10360240441278,16.72264933560077,19.490819896011246,USD/MXN (pesos/dólar)
2027-01-01,18.40774585988378,17.081054606894646,19.76549170389461,USD/MXN (pesos/dólar)
2027-02-01,19.046211780871868,17.63851351286922,20.48307583507164,USD/MXN (pesos/dólar)
2027-03-01,15.972127770639391,14.575751164038317,17.399697088792244,USD/MXN (pesos/dólar)
2027-04-01,17.50805287913443,16.018296161619222,18.91179309904825,USD/MXN (pesos/dólar)
2027-05-01,18.2097605490831,16.746208304952443,19.63823631280369,USD/MXN (pesos/dólar)
2027-06-01,17.576152156369357,16.1296161792661,18.93729100389264,USD/MXN (pesos/dólar)
2027-07-01,17.443601849328676,16.01335449942717,18.886080629144523,USD/MXN (pesos/dólar)
2027-08-01,17.32491504456501,15.91163946426898,18.727002280259292,USD/MXN (pesos/dólar)
2027-09-01,17.216863870241372,15.864257691884774,18.623698276090202,USD/MXN (pesos/dólar)
2027-10-01,17.21406399660371,15.767992312564692,18.604365876114215,USD/MXN (pesos/dólar)
2027-11-01,17.03042579380116,15.610829896625185,18.591808976806714,USD/MXN (pesos/dólar)
2027-12-01,17.656231580948432,16.314602081129127,19.075530145797924,USD/MXN (pesos/dólar)
2028-01-01,17.83722972279069,16.349588628643932,19.184906266633917,USD/MXN (pesos/dólar)
2018-04-30,1.6365236425180487,1.4503033775254726,1.8230109545281776,SOFR (%)
2018-05-31,1.7600973321627176,1.586871998994668,1.9340778888655685,SOFR (%)
2018-06-30,1.8357077245064606,1.6665931807657473,2.019027620670097,SOFR (%)
2018-07-31,1.9633183048164065,1.7934315826237168,2.1404643579784506,SOFR (%)
2018-08-31,2.081181146339755,1.9110910195194963,2.265355196284506,SOFR (%)
2018-09-30,2.1681536050374097,1.9914294849192502,2.360623684661237,SOFR (%)
2018-10-31,2.2037341404094204,2.0222522570067096,2.3773668814636433,SOFR (%)
2018-11-30,2.252274019673562,2.067349700279537,2.420364100010977,SOFR (%)
2018-12-31,2.3321381328937174,2.159054667860957,2.512010361109471,SOFR (%)
2019-01-31,2.394462516171546,2.2258117815672094,2.566206432457799,SOFR (%)
2019-02-28,2.25573204599063,2.0677521330524913,2.433824053716517,SOFR (%)
2019-03-31,2.2854127211793958,2.1141248741603644,2.468906299050406,SOFR (%)
2019-04-30,2.451202359353794,2.279759780000416,2.627250669290808,SOFR (%)
2019-05-31,2.44966803139359,2.2636746318326244,2.63653790341969,SOFR (%)
2019-06-30,2.3735577930105634,2.2030479370859593,2.547086735892104,SOFR (%)
2019-07-31,2.3625875343847618,2.179468239751,2.5292519357523435,SOFR (%)
2019-08-31,2.1974928057539254,2.026848482921798,2.3762894430077672,SOFR (%)
2019-09-30,2.069802744707638,1.8978689009437208,2.2547727883402873,SOFR (%)
2019-10-31,1.8379565665416409,1.6482065831915969,2.0227361198240574,SOFR (%)
2019-11-30,1.6405357256299895,1.4634958979903399,1.8136790273250611,SOFR (%)
2019-12-31,1.4846776866821374,1.3140775758461911,1.6581692716207879,SOFR (%)
2020-01-31,1.3205735296527137,1.1428209941449405,1.492947820891562,SOFR (%)
2020-02-29,1.203595737973289,1.03167037888268,1.3797726526926963,SOFR (%)
2020-03-31,0.7254691312797361,0.5575609270992417,0.900769274749935,SOFR (%)
2020-04-30,0.39646841149688433,0.2274555117535502,0.5611299643157757,SOFR (%)
2020-05-31,0.2685865817749741,0.09116374630887406,0.45066844817337054,SOFR (%)
2020-06-30,0.23029211101102207,0.05297210118502797,0.4007743065203789,SOFR (%)
2020-07-31,0.20728037591149118,0.027653308914839494,0.3789010389094701,SOFR (%)
2020-08-31,0.17277240957200135,-0.011671200941411147,0.3588853047896681,SOFR (%)
2020-09-30,0.11944347736857114,-0.05373436053377026,0.2816208899853447,SOFR (%)
2020-10-31,0.09885162791082609,-0.07061059459006976,0.2747642645073876,SOFR (%)
2020-11-30,0.06825457693184003,-0.11115134633466257,0.25140165017683713,SOFR (%)
2020-12-31,0.02783765700630813,-0.1406064552699945,0.19661968776622896,SOFR (%)
2021-01-31,-0.05477625174330156,-0.22189519193520105,0.11477179657167168,SOFR (%)
2021-02-28,0.11687627928671451,-0.06553350984901711,0.29536950627708836,SOFR (%)
2021-03-31,-0.08467768928799123,-0.25438930459425657,0.09334836754598605,SOFR (%)
2021-04-30,-0.14106274876913832,-0.30848926810246396,0.04682290072869866,SOFR (%)
2021-05-31,-0.07557421758724721,-0.24987184188714684,0.10628928271357294,SOFR (%)
2021-06-30,-0.02451325642112963,-0.2016020580697708,0.15595387695726515,SOFR (%)
2021-07-31,0.060685648199223216,-0.12500310946762885,0.2400445511143892,SOFR (%)
2021-08-31,0.13486029394335258,-0.038330094119036595,0.31002473025435234,SOFR (%)
2021-09-30,0.1200198881793988,-0.05127256433784908,0.28007081062221567,SOFR (%)
2021-10-31,0.09520926536085664,-0.09075310147426015,0.2697915914661231,SOFR (%)
2021-11-30,0.07275354914512229,-0.1166286963983826,0.25418607371423535,SOFR (%)
2021-12-31,0.06029469227023741,-0.12598852822366877,0.24163240572525696,SOFR (%)
2022-01-31,0.018989382117215355,-0.15134985680152918,0.216342374139783,SOFR (%)
2022-02-28,0.005722792301329785,-0.15565843551995384,0.1765175723539314,SOFR (%)
2022-03-31,0.1894414306365537,0.010277950036657822,0.36905631381235354,SOFR (%)
2022-04-30,0.5070389346949941,0.3328340377528631,0.6846674912091983,SOFR (%)
2022-05-31,0.8694422183755475,0.6876010984319477,1.0544023470631303,SOFR (%)
2022-06-30,1.2769081167687835,1.1091807464647727,1.4664454332568155,SOFR (%)
2022-07-31,1.747436053329048,1.5736112009156267,1.9201726498231155,SOFR (%)
2022-08-31,2.208216247639862,2.0406902002604115,2.377842723506379,SOFR (%)
2022-09-30,2.6270442107921688,2.467827124149968,2.800992955417907,SOFR (%)
2022-10-31,3.005542100766863,2.8320842711433136,3.177905544582271,SOFR (%)
2022-11-30,3.3859374801612443,3.2025174480986562,3.554581824959276,SOFR (%)
2022-12-31,3.8086882132764495,3.646095402656039,3.986021270804075,SOFR (%)
2023-01-31,4.2138992164489775,4.038154675959951,4.396140431349073,SOFR (%)
2023-02-28,4.3848970929880045,4.213975598760583,4.562135176481643,SOFR (%)
2023-03-31,4.757491294901723,4.58415508316489,4.942120410311232,SOFR (%)
2023-04-30,4.916900313191039,4.733853560060027,5.090831847575529,SOFR (%)
2023-05-31,5.02522759968653,4.846105329826417,5.191140911671341,SOFR (%)
2023-06-30,5.055435052712521,4.880790371038581,5.233456256890326,SOFR (%)
2023-07-31,5.1260355134325355,4.964174537300819,5.309033180446993,SOFR (%)
2023-08-31,5.188949195356777,5.018875703348532,5.375107529444795,SOFR (%)
2023-09-30,5.281912434848231,5.11885075087135,5.449578890534301,SOFR (%)
2023-10-31,5.278055162711351,5.113289826819075,5.446220394014644,SOFR (%)
2023-11-30,5.3012961688254885,5.13366969520381,5.471996843777901,SOFR (%)
2023-12-31,5.3734553718045674,5.185387066560048,5.543424479666679,SOFR (%)
2024-01-31,5.437353305993857,5.262003041334307,5.619619761486127,SOFR (%)
2024-02-29,5.533667793196854,5.348084505786703,5.708234200817075,SOFR (%)
2024-03-31,5.283543274565818,5.11817467894571,5.459718205138271,SOFR (%)
2024-04-30,5.082605845199862,4.90810005932387,5.271533001700972,SOFR (%)
2024-05-31,5.087056082241332,4.91612464004337,5.257768295416347,SOFR (%)
2024-06-30,5.1116608478743775,4.93317249416139,5.285152378746715,SOFR (%)
2024-07-31,5.147619234603916,4.974929170493637,5.325873143158608,SOFR (%)
2024-08-31,5.172081390094165,4.996272549471915,5.345776418971679,SOFR (%)
2024-09-30,5.049218528039896,4.874781658737334,5.229754768349937,SOFR (%)
2024-10-31,4.956774949067782,4.77668653505278,5.119083278868145,SOFR (%)
2024-11-30,4.856643966301184,4.679884920714018,5.0256614047331345,SOFR (%)
2024-12-31,4.744374691707782,4.565681912601463,4.934015577489364,SOFR (%)
2025-01-31,4.589908428291488,4.420561305677739,4.755591661139866,SOFR (%)
2025-02-28,4.696662058331146,4.528967023651236,4.863961670678238,SOFR (%)
2025-03-31,4.4232557326225015,4.256943322097649,4.598305784453061,SOFR (%)
2025-04-30,4.297336133978174,4.114423186482035,4.468412686234377,SOFR (%)
2025-05-31,4.2909723080250455,4.108750839330015,4.451098881969442,SOFR (%)
2025-06-30,4.272498723856735,4.086534646587569,4.449568850313758,SOFR (%)
2025-07-31,4.285845264965752,4.113349913955707,4.460097087336577,SOFR (%)
2025-08-31,4.28816754719758,4.119509863990778,4.488257163485029,SOFR (%)
2025-09-30,4.203767183706896,4.042698764913522,4.369524928804363,SOFR (%)
2025-10-31,4.107077937904209,3.9278489898235462,4.281283995600753,SOFR (%)
2025-11-30,4.015062263961636,3.847264672310749,4.197389927479635,SOFR (%)
2025-12-31,3.9306985373169567,3.7669633189343106,4.116820461725235,SOFR (%)
2026-01-31,3.817488357393156,3.650335563519053,3.98145458881964,SOFR (%)
2026-02-28,3.7392754335935643,3.5703536217475427,3.9230233448911234,SOFR (%)
2026-03-31,3.547522942353198,3.363230414057471,3.731070466334466,SOFR (%)
2026-04-30,3.5017612887589875,3.3324483675244347,3.683860485939956,SOFR (%)
2026-05-31,3.488693442865942,3.3038857806029553,3.659619765605488,SOFR (%)
2026-06-01,3.310863592951651,3.135172797907665,3.483111220170959,SOFR (%)
2026-07-01,3.4012074526629923,3.209214503075107,3.576483254097199,SOFR (%)
2026-08-01,3.4829138742688364,3.2740464080719796,3.687336861798872,SOFR (%)
2026-09-01,3.554666801742473,3.295568590952496,3.8109691046812864,SOFR (%)
2026-10-01,3.357061140340742,3.027775104839444,3.645662662081829,SOFR (%)
2026-11-01,3.2727681614982975,2.9047631980659805,3.6093419303850687,SOFR (%)
2026-12-01,3.1571186093664516,2.7008137334330553,3.5980438625792184,SOFR (%)
2027-01-01,2.9882509222045406,2.4293059096016774,3.528160037902221,SOFR (%)
2027-02-01,2.744246419930773,2.02300262052665,3.3836443085134267,SOFR (%)
2027-03-01,3.2232623813028773,2.382228277592536,3.992595932094385,SOFR (%)
2027-04-01,2.79633759619605,1.9002372293492882,3.667426240061378,SOFR (%)
2027-05-01,2.508152263487964,1.395282170738985,3.5276581700598304,SOFR (%)
2027-06-01,2.509459266431301,1.29062650995881,3.6366523391619214,SOFR (%)
2027-07-01,2.564522538734733,1.2009001448911094,3.8693730828225887,SOFR (%)
2027-08-01,2.6232825315185857,1.1439591495183452,4.043846023141614,SOFR (%)
2027-09-01,2.67089750419442,1.0057827444087375,4.249829253018001,SOFR (%)
2027-10-01,2.510287205744991,0.677733613760354,4.290585777337073,SOFR (%)
2027-11-01,2.4219725873393134,0.4826356491663446,4.379796634251741,SOFR (%)
2027-12-01,2.313955983133773,0.12362143356501858,4.41687308630279,SOFR (%)
2028-01-01,2.1735042789914027,-0.15208422022264156,4.495973088490958,SOFR (%)
2017-09-30,7.235616093462732,7.101488470894387,7.367367372935697,TIIE 28d (%)
2017-10-31,7.351111419410206,7.218870955869296,7.480127344535927,TIIE 28d (%)
2017-11-30,7.445598755530549,7.32779476048062,7.577990809726212,TIIE 28d (%)
2017-12-31,7.583326247044524,7.4531403246949335,7.720936561483725,TIIE 28d (%)
2018-01-31,7.715498637907416,7.587274513733417,7.852361726594552,TIIE 28d (%)
2018-02-28,7.8270688201306795,7.692324599735174,7.9666563797154355,TIIE 28d (%)
2018-03-31,7.8822246113245695,7.7408225319141275,8.01706921431331,TIIE 28d (%)
2018-04-30,7.912240860286491,7.779643391591508,8.028369558010983,TIIE 28d (%)
2018-05-31,7.939775834716744,7.807805978994581,8.069317620384037,TIIE 28d (%)
2018-06-30,7.895944207846404,7.752499944457383,8.02850886861006,TIIE 28d (%)
2018-07-31,7.95368634844786,7.824789722517145,8.08393301802212,TIIE 28d (%)
2018-08-31,7.991214143978283,7.858593637080399,8.125202941359769,TIIE 28d (%)
2018-09-30,8.081852909478263,7.9520957686235745,8.208987727113657,TIIE 28d (%)
2018-10-31,8.187048436450407,8.060683045733994,8.316296891288705,TIIE 28d (%)
2018-11-30,8.280158228939309,8.143909038253755,8.409259067456524,TIIE 28d (%)
2018-12-31,8.400164339658184,8.254744783908215,8.538440648956373,TIIE 28d (%)
2019-01-31,8.517749547076052,8.389238589079998,8.645502908043614,TIIE 28d (%)
2019-02-28,8.579851426585066,8.441992167330076,8.721586753118359,TIIE 28d (%)
2019-03-31,8.541550921174274,8.408378363637453,8.676699951583014,TIIE 28d (%)
2019-04-30,8.570625125918927,8.4271333976217,8.703847617701312,TIIE 28d (%)
2019-05-31,8.544077578754589,8.421094440899841,8.68777582828215,TIIE 28d (%)
2019-06-30,8.402053353049228,8.262340672333998,8.534775032976743,TIIE 28d (%)
2019-07-31,8.404762210743081,8.26874993353832,8.539192804685968,TIIE 28d (%)
2019-08-31,8.397960946219783,8.26807530111165,8.54004895416857,TIIE 28d (%)
2019-09-30,8.197813894056848,8.06182683872419,8.32753082242419,TIIE 28d (%)
2019-10-31,8.032901926443287,7.9019913033474705,8.15289919773798,TIIE 28d (%)
2019-11-30,7.87967641724806,7.7476964717047485,8.010580012672571,TIIE 28d (%)
2019-12-31,7.728470124354526,7.5977502474151075,7.867936414118202,TIIE 28d (%)
2020-01-31,7.478085780372849,7.3404873059274784,7.602933017819776,TIIE 28d (%)
2020-02-29,7.207354058470316,7.069968473080988,7.341615894076115,TIIE 28d (%)
2020-03-31,6.930863062725006,6.7981190591891965,7.062275258141654,TIIE 28d (%)
2020-04-30,6.459442738878147,6.323646989609469,6.596522162970897,TIIE 28d (%)
2020-05-31,6.069789120310383,5.939823700637274,6.200718770550855,TIIE 28d (%)
2020-06-30,5.7144380510181625,5.588873949339453,5.851042837579802,TIIE 28d (%)
2020-07-31,5.359232651092545,5.2293308408317225,5.485827967371018,TIIE 28d (%)
2020-08-31,5.0134787791553475,4.887556984818186,5.140849806616176,TIIE 28d (%)
2020-09-30,4.783036285948427,4.6512347855885325,4.9132054624399935,TIIE 28d (%)
2020-10-31,4.496768645521744,4.366816091208394,4.622445887213748,TIIE 28d (%)
2020-11-30,4.436264710621293,4.304764303854274,4.558199263606869,TIIE 28d (%)
2020-12-31,4.429746375040439,4.2970160136088715,4.558409661555521,TIIE 28d (%)
2021-01-31,4.414295391987352,4.282947948934935,4.53622783724175,TIIE 28d (%)
2021-02-28,4.429052189354868,4.306703823541998,4.570608164481549,TIIE 28d (%)
2021-03-31,4.374943719801446,4.236861493995264,4.501800412057479,TIIE 28d (%)
2021-04-30,4.209199163006501,4.080228829443282,4.340922287992454,TIIE 28d (%)
2021-05-31,4.297055521369984,4.16522845907432,4.431478524631614,TIIE 28d (%)
2021-06-30,4.357337713127538,4.225385040571563,4.489113373956628,TIIE 28d (%)
2021-07-31,4.476820674377153,4.35389091074221,4.603866910146283,TIIE 28d (%)
2021-08-31,4.599996650322444,4.469501308243515,4.738408264018057,TIIE 28d (%)
2021-09-30,4.798234924002169,4.66244288697055,4.9392155633369095,TIIE 28d (%)
2021-10-31,4.984589056364083,4.860769264979378,5.114194698487546,TIIE 28d (%)
2021-11-30,5.147649430950026,5.017480169855805,5.281407934142483,TIIE 28d (%)
2021-12-31,5.445157866163975,5.3178510671322226,5.567710282322665,TIIE 28d (%)
2022-01-31,5.737103807357664,5.602870648780042,5.867799168287286,TIIE 28d (%)
2022-02-28,5.992985583427733,5.8712999916937205,6.1333086082840245,TIIE 28d (%)
2022-03-31,6.40964750753272,6.276128382307854,6.532369476546006,TIIE 28d (%)
2022-04-30,6.78950840124723,6.649473765975257,6.924965718534141,TIIE 28d (%)
2022-05-31,7.178549508826912,7.044875673683774,7.308618314832795,TIIE 28d (%)
2022-06-30,7.5247109129605825,7.392583450497539,7.654814429725469,TIIE 28d (%)
2022-07-31,7.9854458522659355,7.8466634746254185,8.120423099533971,TIIE 28d (%)
2022-08-31,8.443501218621808,8.314546270106096,8.58425641353347,TIIE 28d (%)
2022-09-30,8.941102149436466,8.810234625900648,9.062902312186221,TIIE 28d (%)
2022-10-31,9.466825188263845,9.338260075617958,9.593115029863466,TIIE 28d (%)
2022-11-30,9.970399200629533,9.831782797031769,10.106343177017187,TIIE 28d (%)
2022-12-31,10.51455167188794,10.37537480614447,10.644238795023266,TIIE 28d (%)
2023-01-31,10.863423619144806,10.725750553890517,10.995035249447602,TIIE 28d (%)
2023-02-28,11.134429650766704,10.998508222185485,11.271769318399842,TIIE 28d (%)
2023-03-31,11.369709335222245,11.24111281825682,11.500609064586714,TIIE 28d (%)
2023-04-30,11.474568128599463,11.336907548626083,11.600675639095524,TIIE 28d (%)
2023-05-31,11.526331323021546,11.396592564319754,11.658735609089536,TIIE 28d (%)
2023-06-30,11.460996921896767,11.336415573935488,11.5969348104704,TIIE 28d (%)
2023-07-31,11.54295193165744,11.403631646201783,11.680413003018508,TIIE 28d (%)
2023-08-31,11.484138425903437,11.354192157118494,11.620224790358499,TIIE 28d (%)
2023-09-30,11.457259760335798,11.314577034935452,11.59174244476572,TIIE 28d (%)
2023-10-31,11.471391792204303,11.342012398337506,11.603139461271818,TIIE 28d (%)
2023-11-30,11.491433502341032,11.354963796355818,11.61343689583263,TIIE 28d (%)
2023-12-31,11.51927000275718,11.385486285077757,11.651909261458483,TIIE 28d (%)
2024-01-31,11.547607816592874,11.417425902749462,11.690332495563144,TIIE 28d (%)
2024-02-29,11.537616175532875,11.408471265904367,11.669184764471641,TIIE 28d (%)
2024-03-31,11.539847335171004,11.414578697187089,11.676330718661829,TIIE 28d (%)
2024-04-30,11.33817516519491,11.201630236372448,11.475942991433351,TIIE 28d (%)
2024-05-31,11.227261305626572,11.096553328031439,11.356104765405528,TIIE 28d (%)
2024-06-30,11.141658222103533,11.01843891875668,11.275617118230125,TIIE 28d (%)
2024-07-31,11.065176489148012,10.923673122573199,11.19741864172276,TIIE 28d (%)
2024-08-31,10.998146284180772,10.877580129137467,11.133975842978096,TIIE 28d (%)
2024-09-30,10.856260542733695,10.730600133720129,10.989347619800474,TIIE 28d (%)
2024-10-31,10.661501545791578,10.538185503215267,10.793636716061426,TIIE 28d (%)
2024-11-30,10.443135917953846,10.30517215557107,10.578537131771036,TIIE 28d (%)
2024-12-31,10.273493833003812,10.14219189734789,10.401235697790836,TIIE 28d (%)
2025-01-31,10.094919100582105,9.963577009173752,10.222066763275974,TIIE 28d (%)
2025-02-28,9.962289626729858,9.826209183198928,10.089228665000256,TIIE 28d (%)
2025-03-31,9.745003499754668,9.601846492588699,9.882312105740695,TIIE 28d (%)
2025-04-30,9.421345080938579,9.296792707301783,9.551305635298585,TIIE 28d (%)
2025-05-31,9.134790121108326,9.00219210847514,9.266449900855578,TIIE 28d (%)
2025-06-30,8.832738779129745,8.704768490213976,8.965954458977365,TIIE 28d (%)
2025-07-31,8.577810422185536,8.44462080048347,8.719829644477896,TIIE 28d (%)
2025-08-31,8.326523856506181,8.195313868932645,8.460823489985776,TIIE 28d (%)
2025-09-30,8.162379025387809,8.030218981519315,8.287955095896995,TIIE 28d (%)
2025-10-31,7.974270616125239,7.83889584560959,8.10990680193024,TIIE 28d (%)
2025-11-30,7.774947885913085,7.64749773793846,7.917175707550407,TIIE 28d (%)
2025-12-31,7.609071642217092,7.47929514236735,7.749584753445867,TIIE 28d (%)
2026-01-31,7.437632904500508,7.29893086795737,7.572020890298413,TIIE 28d (%)
2026-02-28,7.274973680265121,7.139627241011652,7.400929777809363,TIIE 28d (%)
2026-03-31,7.02651834287938,6.893985177387606,7.145471149335669,TIIE 28d (%)
2026-04-30,6.762717370635633,6.628963243583516,6.88690538316998,TIIE 28d (%)
2026-05-31,6.486641216725209,6.3509283129416,6.621113935166934,TIIE 28d (%)
2026-06-01,6.366759529826772,6.232139107061427,6.495549912348694,TIIE 28d (%)
2026-07-01,6.1694116742454,6.009325546895864,6.309566551049092,TIIE 28d (%)
2026-08-01,5.8890537172577435,5.691112532763083,6.076143728083944,TIIE 28d (%)
2026-09-01,5.628225421323422,5.3369294870609725,5.899526284973691,TIIE 28d (%)
2026-10-01,5.531345868755378,5.1629993837189,5.923139448569971,TIIE 28d (%)
2026-11-01,5.325044048017878,4.834704637568998,5.839493948668091,TIIE 28d (%)
2026-12-01,5.068836219035052,4.495493801767096,5.704453225381279,TIIE 28d (%)
2027-01-01,4.890687551439262,4.114620342419535,5.751707518937238,TIIE 28d (%)
2027-02-01,4.696145632596947,3.8116512922506005,5.719065672116117,TIIE 28d (%)
2027-03-01,4.622380304165421,3.5897542663890474,5.851997300604131,TIIE 28d (%)
2027-04-01,4.4708021246601835,3.2403476226872607,5.858302385943729,TIIE 28d (%)
2027-05-01,4.029497567458253,2.6331826477824176,5.633590461079606,TIIE 28d (%)
2027-06-01,3.718719849219704,2.140476890164739,5.503806662119174,TIIE 28d (%)
2027-07-01,3.48685344431382,1.7428153762382441,5.487076970988322,TIIE 28d (%)
2027-08-01,3.2146800216638582,1.2742017970141455,5.401378679006701,TIIE 28d (%)
2027-09-01,2.957254456598863,0.7516572879946946,5.376108334114362,TIIE 28d (%)
2027-10-01,2.8377985641942693,0.4522800444956437,5.543218470445869,TIIE 28d (%)
2027-11-01,2.6369730724901164,-0.008527598760287,5.55929683564381,TIIE 28d (%)
2027-12-01,2.3996363967248024,-0.48282872579160646,5.571966208821647,TIIE 28d (%)
2028-01-01,2.2258993290307405,-0.8991717596163197,5.61614568486939,TIIE 28d (%)
